﻿name,latitude,longitude,reviews,photos_count,google_id
Heriot-Watt University Dubai,25.1291329,55.4164925,137,87,0x3e5f638e7ac4f2d3:0xec919842ff503d0b
Middlesex University Dubai,25.1034297,55.1643358,96,87,0x3e5f6b6b695079cf:0x39837c77fd4e2851
Canadian University Dubai,25.2087515,55.2703372,178,90,0x3e5f426278f61349:0x5cc89b41e81e0384
University of Wollongong in Dubai (UOWD),25.103703,55.164906,144,505,0x3e5f6b6b665006a3:0x84337ef2f5567aa5
University of Dubai,25.1060895,55.4143843,112,139,0x3e5f5cd08a0fa617:0xd2b8edf0881c4ecc
Amity University - Dubai Campus,25.1232836,55.4193854,163,493,0x3e5f639700000001:0x20597afbdab1b296
Manipal Academy of Higher Education - Dubai Campus,25.1333079,55.4251417,121,91,0x3e5f6395537fc413:0x913f323d641a34c8
Murdoch University Dubai,25.1027337,55.1632217,48,33,0x3e5f638c14b97a4b:0x8b5be09f493b175e
MODUL University Dubai,25.0723342,55.1452662,36,29,0x3e5f6caee8c8e767:0x590b02ab0a5c861d
American University in the Emirates,25.1233303,55.4107049,96,73,0x3e5f638ef4d3444b:0xad4c9fff686c0e22
American University in Dubai,25.091209,55.1560728,191,307,0x3e5f6b5ce8275517:0xdfed21bc9eb36d46
Curtin University Dubai,25.1253004,55.4105154,37,32,0x3e5f638c16a000dd:0x6ed70fca5785ee28
The British University in Dubai - BUiD,25.12514,55.41009,52,34,0x3e5f638c31a5196b:0xa93b38bd4f7c4542
RIT Dubai,25.1222743,55.3780056,42,19,0x3e5f643fa6ef634b:0x9ca53180cd64c7c3
Zayed University,25.1034537,55.3846482,121,477,0x3e5f6461d226454d:0x335e4c633225d028
Mohammed Bin Rashid University Of Medicine and Health Sciences,25.2326054,55.3232763,83,107,0x3e5f5d37a6e559bd:0xc72489cc2605d63
Dubai Institute of Design and Innovation (DIDI),25.1887165,55.2970169,17,38,0x3e5f6816b82a3b43:0xc573b3767589c24a
University of Jazeera,25.2440368,55.3932154,47,9,0x3e5f5de66621a409:0x33ef704a5b395923
Emirates Aviation University,25.1136727,55.4118475,175,100,0x140dc0641ff55bdd:0x2608f5208ea52329
Synergy University Dubai,25.0692486,55.1424982,43,39,0x3e5f6ca6311915c1:0xd4444e26bf6c4919
University of Birmingham Dubai,25.1236284,55.4116064,8,8,0x3e5f638e64c81a77:0xc7450b273e22d42d
Abu Dhabi University - Dubai Campus,25.1045785,55.1669847,14,11,0x3e5f6b6cc238403d:0x398f90c330adae9f
SZABIST University,25.1244698,55.4100287,29,52,0x3e5f638c233e647b:0xa0f2a3279f442a9d
AL DAR UNIVERSITY COLLEGE,25.252775,55.338803,71,14,0x3e5f5d1fae1de49b:0xc22f25fcbb763781
"University of Bradford Regional Hub, Dubai",25.1041774,55.162901,2,6,0x3e5f6b6aecca5e6f:0xcb8e20585f136b78
European University College,25.2310576,55.3258717,151,39,0x3e5f5d3806bcf00d:0x88d64e057f87e6b2
The American College Of Dubai,25.2355351,55.3493361,46,72,0x3e5f5d0d599173ff:0xf31dfcfb98bce7dd
Dubai International Academic City,25.1244679,55.4098378,11,55,0x3e5f638c144fefed:0xb6ed6f8b38aec531
The University of Manchester Middle East Centre,25.1045258,55.1639575,1,3,0x3e5f6b6b49a13cf1:0x763d2cc18eb64e41
University of Balamand Dubai,24.9993908,55.1689332,5,8,0x3e5f729ceeb09997:0x25ac75357f203df5
"Birla Institute of Technology & Science, Pilani - Dubai Campus",25.1314893,55.420083,145,296,0x3e5f63ecaf0b7683:0x178903db8ef63bc7
Al Ghurair University,25.1105046,55.4069281,53,12,0x3e5f63819e5e82f3:0xcb514c502d937acf
University of Modern Sciences,25.2450285,55.3933,47,3,0x3e5f5de66a42611d:0x493e977b595206bc
Emirates Academy,25.1378735,55.1903522,64,90,0x3e5f6a523c533aaf:0xdfa63e6ad41d74d1
Universite Saint Joseph - Dubai,25.1252603,55.4101676,4,4,0x3e5f638c4750492d:0x73f61be931dae9eb
AlWasl University,25.2504692,55.308665,50,17,0x3e5f4329624dee53:0x7f26ad49288e65bf
University of South Wales,24.9122821,55.1188079,2,9,0x3e5f0da6b3046c9d:0xa7b70f43237dbb45
Dubai Medical College,25.2502653,55.4175876,45,2,0x3e5f5e1172fee84d:0xf4857811dad9a7e9
University of Strathclyde Business School Dubai,25.2846124,55.3759646,18,8,0x3e5f5c41ed9663e3:0xf8b286b10d4d7cbc
"Skyline University College, Sharjah UAE",25.2912193,55.4672391,73,356,0x3e5f5f0a91146647:0xec19bc97027ac77c
Hamdan Bin Mohammed Smart University (HBMSU),25.1048702,55.3924318,71,57,0x3e5f647d4dfd88dd:0x5f0094226e3d3d2c
Lincoln University of Business and Management,25.3323104,55.3906008,68,83,0x3e5f5bc2c00a5d95:0x3376fd8ba01c8a50
Mena College of Management,25.1785596,55.2382085,11,2,0x3e5f638c14652821:0x36ef40a8c080cfaa
The Residences Middlesex University Dubai,25.1081696,55.1911564,33,31,0x3e5f6b9c66b048a9:0x44de6f41e62d6817
Michigan State University in Dubai,25.1042997,55.1633865,4,2,0x3e5f638c3dc2fa01:0x64ca82bdabb7275
Islamic Azad University,25.1041813,55.1648401,6,13,0x3e5f6b6b5ea84bb3:0xaf4e70be2c791d81
Zayed University Convention Centre,25.10134,55.38696,79,31,0x3e5f6489ee1e39a1:0x82f7ec39d4198758
American University of Sharjah,25.3120502,55.4927023,305,6432,0x3ef5f589fbf7a029:0x34225d8704951f90
"The College of Fashion and Design, The CFD Dubai",25.1862201,55.2798138,9,114,0x3e5f68303f954307:0x9d9ee2ffc4a17520
College of Medicine University of Sharjah,25.3010605,55.4865908,4,7,0x3e5f5f9e7783ee4b:0xe1334f10e1d964e5
Oracle University,25.0936955,55.1609108,2,10,0x3e5f6b693d47ceb1:0x7be0b37987b0acd2
University of Sharjah,25.2867708,55.4783714,256,680,0x3e5f5f9b635ad6a7:0x6867993b795ff0ab
Cambridge College International,25.1044093,55.1646119,4,1,0x3e5f6b6b5a923f23:0xea4c5d0aa7bfd486
Canadian University Application Centre Dubai,25.1018784,55.1614604,1,2,0x3e5f6b6aefd54541:0xd92b81eae044b230
Al Falah University,25.2362956,55.3497732,53,56,0x3e5f5d72dc79dd77:0xcc6a5cd6054190ed
IOWHE University (Dubai back office),25.099192,55.1778419,1,3,0x3e5f6b7769141527:0xe539c6c67a59a42
SAE Institute Dubai,25.104084,55.163044,35,28,0x3e5f6b6b6938ffdf:0x69c5a8a025d7e570
UK College of Business and Computing - Dubai Campus,25.1246155,55.4100355,56,35,0x3e5f63383be2a661:0xc520e10ad05dd8b2
ASTI Dubai (Al Shabaka Technical Institute),25.2680934,55.3843446,57,17,0x3e5f5c35fc52779d:0xf21b7e5efced3ac8
Hult International Business School,25.1038977,55.1676842,53,62,0x3e5f6b6cb7c4f827:0xf0bf0d7343e2a039
IE Center - Dubai,25.212474,55.281361,2,1,0x3e5f428f387a0803:0xf7a91bc01739feb9
IMT Business School - Dubai,25.1236683,55.4153303,52,65,0x3e5f638c31a5196b:0x504fd67968d966cd
Cass Business School Dubai International Financial Centre,25.2131727,55.2821157,1,1,0x3e5f5d98991526f7:0x3b20c199e54f1db1
Medical campus University of Sharjah,25.2969967,55.488146,2,127,0x3e5f5f7f04fb9861:0x3a40ecd70682eb05
University of New Brunswick Application Centre,25.233671,55.308886,1,1,0x3e5f42cc2834ac89:0xe98716e950634f82
Ecole Hôtelière Helvétique | Aviation School Dubai | Culinary School | Hospitality Programs UAE,25.109871,55.4080704,15,21,0x3e5f63818608b1eb:0x4dbc980bfa7bcd5f
Saint-Petersburg State Economic University,25.0747896,55.1454375,3,1,0x3e5f6ca92f5fb231:0xf1ab08bd78162236
Syrian Virtual University,25.1019719,55.1607724,16,1,0x3e5f6b6a8c367071:0x25fe0a2b8f5bf95
Westford University College,25.3118898,55.3684635,227,470,0x3e5f5c7634f65127:0xdec7ee712a5004a5
Center for Executive Education,25.2326307,55.3109754,1,1,0x3e5f6b6b03708621:0x96226094f131a0c8
Jumeira University,25.1464611,55.2552716,50,15,0x3e5f69093cf1905d:0xc204395cca339c7
CUCA City University College of Ajman,25.3647058,55.5116071,78,137,0x3e5f59caed13d891:0x6d5015a06c0e6609
S P Jain School of Global Management,25.1243356,55.4114956,39,22,0x3e5f638c29e5f7db:0x89a4164a1101c007
College of Pharmacy,25.2998226,55.4867077,4,,0x3e5f5f7c1cdd0823:0xcfab1e03c0393ca7
The College of Fashion & Design,25.1901304,55.2839875,3,1,0x3e5f6824e0301001:0x2a5164a211d73438
International Horizons College,25.180156,55.270489,5,3,0x3e5f6833569c0cbd:0x4c0421e84a3724d9
Emirates institute for banking and financial studies (EIBFS),25.0992677,55.3977452,36,76,0x3e5f6483f0830cad:0xce844390ecd9835a
