﻿UniId,University Name,Avarage Tuition Fee,Ranking,Curriculum Rating,YearsinDubai
1,Abu Dhabi University,120000,5,1,25
2,American University in Dubai,120000,5,1,13
3,Amity University Dubai,40000,4,3,25
4,Birla Institute of Technology and Science Pilani (Bits Pilani) Dubai Campus,35000,3,3,15
5,British University in Dubai,60000,4,1,10
6,City University of London,80000,4,1,4
7,Curtin University,48000,4,1,2
8,Dubai Institute of Design and Innovation,80000,4,2,3
9,Emirates Aviation University,100000,4,2,12
10,ESMOD French Fashion Institute,70000,2,2,6
11,Heriot-Watt University,78000,5,1,25
12,Hult International Business School,160000,4,1,10
13,Institute of Management Technology - Dubai,40000,3,2,20
14,Islamic Azad University,45000,3,3,25
15,London Business School,120000,5,1,7
16,Manipal Academy of Higher Education,35000,3,3,18
17,MENA College of Management,65000,4,2,25
18,Middlesex University Dubai,52000,4,1,20
19,MODUL University Dubai,50000,3,2,3
20,Moscow University for Industry and Finance (Synergy),35000,2,3,5
21,"Murdoch University, Dubai",46000,3,1,6
22,Rochester Institute of Technology- Dubai,62000,4,1,6
23,S P Jain School of Global Management,65000,4,3,6
24,SAE Institute,52000,3,3,7
25,Shaheed Zulfikar Ali Bhutto Institute of Science and Technology,35000,2,2,7
26,The National Institute for Vocational Education (NIVE),35000,4,2,5
27,The University of Manchester Worldwide,160000,5,1,7
28,University of Birmingham Dubai,110000,4,1,2
29,University of Bradford,60000,3,1,3
30,University of Dubai,120000,5,1,15
31,University of Exeter,55000,3,1,3
32,"University of South Wales, Dubai",80000,3,1,4
33,University of Wollongong in Dubai,60000,4,1,25
34,University Paris II Panthéon-Assas,80000,3,2,1
35,University St. Joseph,65000,3,1,2
,,,,,
